Attempt,Avg. RTT
1,125.355932
2,106.796610
3,110.508475
4,103.355932
5,106.062147
6,111.531073
7,104.519774
8,96.802260
9,97.056497
10,98.926554
