Attempt,Avg. RTT
1,72315.564972
2,74532.954802
3,76064.514124
4,78766.813559
5,68272.728814
6,75937.858757
7,74560.525424
8,71206.728814
9,76689.005650
10,73766.593220
